1,Jorge,Posada,NYY,2,0,8,176,5,10,9,3,10,1,1,
2,Wil,Nieves,NYY,2,0,4,83,5,6,6,1,9,1,2,
3,Josh,Phelps,NYY,3,0,6,104,7,4,5,2,9,1,3,
4,Doug,Mientkiewicz,NYY,3,0,8,126,6,13,10,2,13,1,4,
5,Jason,Giambi,NYY,3,0,7,206,5,4,4,4,8,1,5,
6,Miguel,Cairo,NYY,4,6,5,97,9,11,11,2,9,1,6,
7,Robinson,Cano,NYY,4,0,13,186,10,12,9,3,11,2,1,
8,Alex,Rodriguez,NYY,5,0,9,190,8,13,11,3,10,2,2,
9,Derek,Jeter,NYY,6,0,13,162,12,10,13,2,11,2,3,
10,Bobby,Abreu,NYY,9,0,10,162,12,12,12,3,11,2,4,
11,Johnny,Damon,NYY,8,0,9,163,12,8,11,3,10,2,5,
12,Melky,Cabrera,NYY,8,7,9,131,10,11,8,2,10,2,6,
13,Hideki,Matsui,NYY,7,0,7,130,9,10,11,2,10,3,1,
14,Kevin,Thompson,NYY,9,0,5,100,8,5,5,2,9,3,2,
15,Jason,Phillips,TOR,2,3,5,99,5,4,9,2,5,1,1,
16,Gregg,Zaun,TOR,2,0,7,143,5,8,9,3,12,1,2,
17,Frank,Thomas,TOR,3,0,8,211,4,4,4,4,9,1,3,
18,Lyle,Overbay,TOR,3,0,11,181,7,11,7,3,12,1,4,
19,Jason,Smith,TOR,4,0,5,109,9,8,10,2,8,1,5,
20,Aaron,Hill,TOR,4,6,9,131,10,8,6,2,8,1,6,
21,Troy,Glaus,TOR,5,0,7,191,7,8,10,4,10,2,1,
22,Royce,Clayton,TOR,6,0,7,108,9,12,12,2,9,2,2,
23,John,McDonald,TOR,6,0,5,99,11,12,10,2,8,2,3,
24,Matt,Stairs,TOR,3,0,6,137,6,12,4,3,9,2,4,
25,Vernon,Wells,TOR,8,0,10,189,11,13,13,3,11,2,5,
26,Alex,Rios,TOR,9,0,10,178,12,11,12,3,11,2,6,
27,Reed,Johnson,TOR,9,7,11,159,12,11,11,2,11,3,1,
28,Adam,Lind,TOR,7,0,6,110,6,4,4,2,8,3,2,
29,Jason,Varitek,BOS,2,0,6,133,6,12,12,3,12,1,1,
30,Doug,Mirabelli,BOS,2,0,3,106,4,7,8,2,12,1,2,
31,David,Ortiz,BOS,3,0,9,233,5,4,4,4,2,1,3,
32,Eric,Hinske,BOS,3,9,7,144,9,8,5,3,9,1,4,
33,Kevin,Youkilis,BOS,3,0,8,148,7,10,9,3,10,1,5,
34,Dustin,Pedroia,BOS,4,0,3,98,6,8,6,2,7,1,6,
35,Mike,Lowell,BOS,5,0,9,165,6,12,13,3,13,2,1,
36,Alex,Cora,BOS,6,0,5,96,12,11,11,2,9,2,2,
37,Julio,Lugo,BOS,6,0,8,138,11,13,11,2,8,2,3,
38,Willy Mo,Pena,BOS,9,8,8,141,9,8,7,2,9,2,4,
39,J.D.,Drew,BOS,9,0,9,165,10,11,11,3,12,2,5,
40,Coco,Crisp,BOS,8,0,7,124,13,8,10,2,13,2,6,
41,Manny,Ramirez,BOS,7,0,11,229,6,13,6,4,12,3,1,
42,Paul,Bako,BAL,2,0,3,79,8,8,6,1,11,1,1,
43,Ramon,Hernandez,BAL,2,0,8,175,6,10,11,3,9,1,2,
44,Great,Johnson,BAL,3,0,8,158,5,11,7,3,12,1,3,
45,Brian,Roberts,BAL,4,0,9,145,12,7,11,2,11,1,4,
46,Melvin,Mora,BAL,5,0,8,137,10,8,10,2,9,1,5,
47,Chris,Gomez,BAL,6,4,7,112,8,8,10,2,8,1,6,
48,Miguel,Tejada,BAL,6,0,12,177,7,11,12,3,10,2,1,
49,Jay,Gibbons,BAL,9,0,8,145,6,10,10,3,10,2,2,
50,Aubrey,Huff,BAL,3,5,8,169,10,6,9,3,10,2,3,
51,Corey,Patterson,BAL,8,0,8,142,13,11,13,3,11,2,4,
52,Nick,Markakis,BAL,7,9,8,160,7,10,10,3,10,2,5,
53,Freddie,Bynum,BAL,7,4,5,111,12,8,5,2,5,2,6,
54,Jay,Payton,BAL,7,8,10,143,9,10,10,2,9,3,1,
55,Alberto,Castillo,BAL,2,0,5,76,7,7,7,2,10,3,2,
56,Adam,Stern,BAL,8,0,4,54,8,6,6,2,8,3,3,
57,Josh,Paul,TB,2,0,6,103,6,8,9,2,12,1,1,
58,Dioner,Navarro,TB,2,0,6,115,6,8,8,2,9,1,2,
59,Carlos,Pena,TB,3,0,5,100,6,8,10,2,9,1,3,
60,Brendan,Harris,TB,4,6,5,99,4,10,9,2,6,1,4,
61,B.J.,Upton,TB,5,4,5,94,12,13,11,2,8,1,5,
62,Akinori,Iwamura,TB,5,0,10,151,11,10,8,3,8,1,6,
63,Ty,Wiggington,TB,5,4,8,177,7,8,9,3,8,2,1,
64,Ben,Zobrist,TB,6,0,5,97,8,12,8,2,8,2,2,
65,Delmon,Young,TB,9,0,6,113,11,11,4,2,9,2,3,
66,Carl,Crawford,TB,8,7,10,150,14,12,13,2,10,2,4,
67,Elijah,Dukes,TB,8,0,5,101,9,11,10,1,11,2,5,
68,Rocco,Baldelli,TB,8,0,9,157,12,12,8,3,8,2,6,
69,Jonny,Gomes,TB,7,9,4,152,11,4,4,4,9,3,1,
70,Shawn,Riggans,TB,2,0,2,76,4,8,9,2,9,3,2,
71,Jorge,Cantu,TB,4,0,7,138,9,8,8,3,8,3,3,
72,Greg,Norton,TB,9,3,8,161,8,4,4,3,9,3,4,
73,Joe,Mauer,MIN,2,0,14,170,10,11,12,2,13,1,1,
74,Mike,Redmond,MIN,2,0,8,116,5,8,10,2,12,1,2,
75,Chris,Heintz,MIN,2,0,4,86,5,6,6,1,10,1,3,
76,Justin,Morneau,MIN,3,0,11,199,6,12,9,3,12,1,4,
77,Luis,Castillo,MIN,4,0,10,108,13,12,12,2,12,1,5,
78,Nick,Punto,MIN,5,0,9,116,12,12,11,2,9,1,6,
79,Jeff,Cirillo,MIN,5,4,8,123,9,8,9,2,9,2,1,
80,Jason,Bartlett,MIN,6,0,9,122,9,13,12,2,10,2,2,
81,Great,Young,MIN,6,5,5,102,8,4,8,2,7,2,3,
82,Jason,Kubel,MIN,9,7,5,117,6,4,4,2,8,2,4,
83,Michael,Cuddyer,MIN,9,0,9,176,12,11,6,3,11,2,5,
84,Torii,Hunter,MIN,8,0,8,177,9,14,14,3,11,2,6,
85,Rodell,White,MIN,7,0,6,117,9,4,12,2,10,3,1,
86,Jason,Tyner,MIN,7,8,8,102,12,10,8,1,9,3,2,
87,Garrett,Jones,MIN,3,0,6,97,4,6,5,2,6,3,3,
88,Alexi,Castilla,MIN,4,0,4,96,6,8,6,1,8,3,4,
89,Alejandro,Machado,MIN,6,0,5,79,5,11,6,2,8,3,5,
90,Lew,Ford,MIN,7,9,5,101,11,12,9,2,7,3,6,
91,Mike,Rabelo,DET,2,0,4,99,4,4,4,2,7,1,1,
92,Ivan,Rodriguez,DET,2,0,10,150,8,14,14,2,10,1,2,
93,Sean,Casey,DET,3,0,8,135,6,12,11,2,14,1,3,
94,Placido,Polanco,DET,4,0,9,124,7,8,12,2,12,1,4,
95,Brandon,Inge,DET,5,0,7,164,12,11,9,3,11,1,5,
96,Carlos,Guillen,DET,6,0,11,180,12,12,11,3,9,1,6,
97,Omar,Infante,DET,6,4,7,114,11,12,11,2,8,2,1,
98,Neifi,Perez,DET,6,4,6,98,11,12,11,2,9,2,2,
99,Marcus,Thames,DET,9,7,7,177,6,8,9,4,9,2,3,
100,Craig,Monroe,DET,9,7,7,175,7,10,7,4,6,2,4,
101,Gary,Sheffield,DET,9,0,6,118,8,8,10,2,8,2,5,
102,Magglio,Ordonez,DET,9,0,10,172,6,11,7,3,11,2,6,
103,Curtis,Granderson,DET,8,0,8,149,12,8,12,3,13,3,1,
104,Vance,Wilson,DET,2,0,6,118,6,8,10,2,12,3,2,
105,Tony,Giarrantano,DET,6,0,4,75,8,8,6,2,8,3,3,
106,A.J.,Pierzynski,CHW,2,0,9,161,6,10,9,2,13,1,1,
107,Gustavo,Molina,CHW,2,0,5,75,4,6,6,1,7,1,2,
108,Paul,Konerko,CHW,3,0,11,206,5,11,11,3,13,1,3,
109,Jim,Thome,CHW,3,0,9,223,5,4,12,4,10,1,4,
110,Tadahito,Iguchi,CHW,4,0,9,150,10,8,11,3,11,1,5,
111,Joe,Crede,CHW,5,0,9,196,7,11,13,3,12,1,6,
112,Pablo,Ozuna,CHW,5,7,8,112,12,10,8,2,7,2,1,
113,Alex,Cintron,CHW,6,4,7,118,11,8,10,2,8,2,2,
114,Juan,Uribe,CHW,6,0,6,152,12,12,11,3,11,2,3,
115,Brian,Anderson,CHW,7,8,5,118,9,11,11,2,12,2,4,
116,Rob,Mackowiak,CHW,9,8,8,118,8,6,8,2,8,2,5,
117,Jermaine,Dye,CHW,9,0,11,227,7,10,11,4,12,2,6,
118,Darin,Erstad,CHW,8,0,4,97,10,14,13,2,10,3,1,
119,Scott,Posednik,CHW,7,0,8,112,12,10,11,2,10,3,2,
120,Toby,Hall,CHW,2,0,6,125,5,8,8,2,11,3,3,
121,Andy,Gonzalez,CHW,4,0,5,89,6,6,7,1,5,3,4,
122,Josh,Fields,CHW,5,0,5,98,4,10,4,2,9,3,5,
123,Ryan,Sweeney,CHW,9,8,4,91,8,6,4,1,9,3,6,
124,Jerry,Owens,CHW,7,8,5,96,8,4,4,2,9,4,1,
125,Kelly,Shoppach,CLE,2,0,5,106,5,10,9,2,10,1,1,
126,Victor,Martinez,CLE,2,0,11,170,5,6,9,2,11,1,2,
127,Casey,Blake,CLE,3,9,8,164,9,8,10,3,10,1,3,
128,Ryan,Garko,CLE,3,0,7,129,4,8,4,2,8,1,4,
129,Mike,Rouse,CLE,4,0,5,98,7,8,6,2,8,1,5,
130,Josh,Barfield,CLE,4,0,9,147,11,9,7,2,11,1,6,
131,Andy,Marte,CLE,5,0,5,112,5,10,8,2,10,2,1,
132,Jhonny,Peralta,CLE,6,0,7,136,11,10,10,2,11,2,2,
133,Trot,Nixon,CLE,9,0,8,136,7,11,11,2,14,2,3,
134,David,Dellucci,CLE,9,7,8,149,12,8,7,3,10,2,4,
135,Grady,Sizemore,CLE,8,0,9,181,12,11,11,3,12,2,5,
136,Jason,Michaels,CLE,7,0,8,136,9,13,11,2,11,2,6,
137,Travis,Hafner,CLE,3,0,10,240,6,4,4,4,10,3,1,
138,Joe,Inglett,CLE,4,0,7,105,10,8,7,2,8,3,2,
139,Ben,Francisco,CLE,9,0,5,104,6,6,6,2,6,3,3,
140,Shin-Soo,Choo,CLE,9,7,6,114,11,7,8,2,5,3,4,
141,Franklin,Gutierrez,CLE,8,9,6,102,8,6,6,2,8,3,5,
142,Jason,LaRue,KC,2,0,3,110,5,11,9,2,12,1,1,
143,John,Buck,KC,2,0,6,131,6,10,6,3,11,1,2,
144,Mike,Sweeney,KC,3,0,6,166,5,11,11,3,11,1,3,
145,Ross,Gload,KC,9,3,7,115,9,10,11,2,9,1,4,
146,Ryan,Shealy,KC,3,0,6,123,6,11,4,2,11,1,5,
147,Mark,Grudzielanek,KC,4,0,10,139,12,12,14,2,10,1,6,
148,Esteban,German,KC,4,5,9,126,12,8,10,2,7,2,1,
149,Alex,Gordon,KC,5,0,5,139,5,5,6,2,5,2,2,
150,Tony,Pena,KC,6,0,4,97,8,7,9,2,8,2,3,
151,Reggie,Sanders,KC,9,0,6,132,8,11,11,3,11,2,4,
152,Emil,Brown,KC,9,7,9,157,10,10,13,3,11,2,5,
153,Mark,Teahen,KC,9,5,9,166,11,8,8,3,11,2,6,
154,David,DeJesus,KC,8,7,10,145,13,11,12,2,11,3,1,
155,Angel,Sanchez,KC,6,4,4,89,3,8,8,1,8,3,2,
156,Angel,Berroa,KC,6,0,6,111,10,4,9,2,10,3,3,
157,Shane,Costa,KC,9,8,7,116,7,5,4,2,8,3,4,
158,Joey,Gathwright,KC,8,0,6,77,12,8,8,2,11,3,5,
159,Jason,Kendall,OAK,2,0,10,117,7,11,9,2,13,1,1,
160,Adam,Melhuse,OAK,2,0,4,107,8,8,14,2,9,1,2,
161,Mike,Piazza,OAK,2,0,8,174,4,6,9,3,9,1,3,
162,Dan,Johnson,OAK,3,0,5,123,5,11,8,2,12,1,4,
163,Marco,Scutaro,OAK,4,6,7,124,10,8,11,2,8,1,5,
164,Todd,Walker,OAK,4,3,8,141,7,8,11,2,8,1,6,
165,Mark,Ellis,OAK,4,0,7,135,11,7,11,3,12,2,1,
166,Eric,Chavez,OAK,5,0,6,157,10,14,14,3,13,2,2,
167,Bobby,Crosby,OAK,6,0,5,114,10,10,12,2,10,2,3,
168,Milton,Bradley,OAK,9,8,8,149,8,8,11,3,11,2,4,
169,Nick,Swisher,OAK,8,3,7,183,8,12,11,4,10,2,5,
170,Bobby,Kielty,OAK,7,9,7,130,9,10,9,2,10,2,6,
171,Shannon,Stewart,OAK,7,0,7,106,11,8,7,2,9,3,1,
172,Donnie,Murphy,OAK,4,0,5,101,8,8,9,2,4,3,2,
173,Mark,Kotsay,OAK,8,0,8,135,8,13,11,2,6,3,3,
174,Travis,Buck,OAK,7,0,5,111,5,5,8,2,7,3,4,
175,Jose,Molina,LAA,2,0,5,111,6,12,10,2,9,1,1,
176,Mike,Napoli,LAA,2,0,5,145,10,10,10,3,10,1,2,
177,Casey,Kotchman,LAA,3,0,2,108,6,8,8,2,11,1,3,
178,Shea,Hillenbrand,LAA,3,0,8,164,9,10,7,3,8,1,4,
179,Howie,Kendrick,LAA,4,3,7,119,9,10,6,2,10,1,5,
180,Robb,Quinlan,LAA,5,3,8,133,9,8,10,2,9,1,6,
181,Chone,Figgins,LAA,5,8,8,121,13,10,10,2,8,2,1,
182,Erick,Aybar,LAA,6,0,5,78,11,12,8,2,4,2,2,
183,Macier,Izturis,LAA,6,5,8,131,12,6,10,2,8,2,3,
184,Orlando,Cabrera,LAA,6,0,9,138,10,14,12,2,11,2,4,
185,Vladimir,Guerrero,LAA,9,0,12,196,9,14,11,3,9,2,5,
186,Gary,Matthews Jr.,LAA,8,0,11,165,11,12,13,3,9,2,6,
187,Garret,Anderson,LAA,8,7,8,154,7,8,8,3,13,3,1,
188,Reggie,Willits,LAA,8,0,5,75,9,8,6,1,6,3,2,
189,Kendry,Morales,LAA,3,0,5,111,9,8,4,2,10,3,3,
190,Dallas,MacPherson,LAA,5,0,5,116,9,10,7,2,9,3,4,
191,Matthew,Brown,LAA,5,0,5,113,5,5,6,2,5,3,5,
192,Tommy,Murphy,LAA,8,9,5,98,11,8,7,2,9,3,6,
193,Juan,Rivera,LAA,9,7,10,191,7,11,11,3,7,4,1,
194,Gerald,Laird,TEX,2,0,7,124,8,11,9,2,9,1,1,
195,Chris,Stewart,TEX,2,0,4,84,5,6,6,1,9,1,2,
196,Mark,Teixiera,TEX,3,0,9,182,9,14,12,3,14,1,3,
197,Matt,Kata,TEX,4,0,4,72,12,10,12,2,8,1,4,
198,Ian,Kinsler,TEX,4,0,9,154,9,8,6,3,8,1,5,
199,Hank,Blalock,TEX,5,0,8,139,6,8,11,2,11,1,6,
200,Michael,Young,TEX,6,0,11,155,12,8,11,2,12,2,1,
201,Nelson,Cruz,TEX,9,0,4,126,6,8,6,2,6,2,2,
202,Sammy,Sosa,TEX,9,0,6,176,6,8,8,4,12,2,3,
203,Kenny,Lofton,TEX,8,0,10,125,13,6,8,2,10,2,4,
204,Jerry,Hairston,TEX,7,4,3,81,10,8,9,2,9,2,5,
205,Frank,Catalanotto,TEX,7,0,10,144,9,12,14,2,7,2,6,
206,Brad,Wilkerson,TEX,7,0,5,135,12,11,6,3,10,3,1,
207,Joaquin,Arias,TEX,6,5,5,99,8,10,8,2,8,3,2,
208,Victor,Diaz,TEX,9,7,8,91,11,11,7,2,1,3,3,
209,Kenji,Johjima,SEA,2,0,9,165,7,11,8,3,12,1,1,
210,Jamie,Burke,SEA,2,0,6,94,8,6,9,1,7,1,2,
211,Ben,Broussard,SEA,3,0,9,170,8,12,7,3,9,1,3,
212,Richie,Sexson,SEA,3,0,8,182,6,10,10,4,14,1,4,
213,Jose,Lopez,SEA,4,0,9,126,12,8,9,2,9,1,5,
214,Adrian,Beltre,SEA,5,0,8,164,8,8,11,3,12,1,6,
215,Willie,Bloomquist,SEA,5,8,6,97,12,12,8,2,9,2,1,
216,Yuniesky,Betancourt,SEA,6,0,9,135,12,12,8,2,10,2,2,
217,Jose,Guillen,SEA,9,0,4,119,10,12,11,3,11,2,3,
218,Jason,Ellison,SEA,8,7,4,102,11,8,8,2,8,2,4,
219,Ichiro,Suzuki,SEA,8,9,11,132,13,14,14,2,11,2,5,
220,Raul,Ibanez,SEA,7,0,9,181,9,12,11,3,13,2,6,
221,Jose,Vidro,SEA,4,0,9,139,6,13,11,2,11,3,1,
474,Carl,Pavano,NYY,1,93,139,150,1,2,0,2,0,0,1,1
475,Andy,Pettitte,NYY,1,92,156,175,1,5,4,4,0,0,1,2
476,Mike,Mussina,NYY,1,92,159,178,0,2,5,2,0,2,1,3
477,Chien-Ming,Wang,NYY,1,96,163,183,0,3,0,3,0,1,1,4
478,Roger,Clemens,NYY,1,93,131,163,2,4,3,5,0,0,1,5
479,Sean,Henn,NYY,0,94,102,107,0,2,0,1,0,0,1,6
480,Brian,Bruney,NYY,0,97,102,84,0,1,0,1,0,0,2,1
481,Luis,Vizcaino,NYY,0,96,140,81,0,2,0,1,0,0,2,2
482,Scott,Proctor,NYY,0,98,159,86,0,2,2,2,0,0,2,3
483,Mike,Myers,NYY,0,83,149,73,0,2,0,0,0,0,2,4
484,Kyle,Farnsworth,NYY,0,100,139,81,0,2,0,0,0,0,2,5
485,Mariano,Rivera,NYY,0,97,184,86,1,6,0,0,0,0,2,6
486,Colter,Bean,NYY,0,87,62,82,0,3,0,0,0,0,3,1
487,Kei,Igawa,NYY,1,93,148,164,0,2,0,5,0,0,3,2
488,Chase,Wright,NYY,0,88,98,37,0,1,0,2,0,0,3,3
489,Chris,Britton,NYY,0,93,171,83,0,0,2,0,0,0,3,4
490,Jeff,Karstens,NYY,0,90,110,146,0,2,4,3,0,0,3,5
491,Jose,Veras,NYY,0,96,104,81,0,0,2,2,0,0,3,6
492,Darrell,Rasner,NYY,0,89,108,126,0,0,1,2,0,0,4,1
493,Humberto,Sanchez,NYY,0,88,98,37,0,1,0,2,0,0,4,2
494,Roy,Halladay,TOR,1,95,164,194,0,4,5,4,0,2,1,1
495,A.J.,Burnett,TOR,1,98,128,178,0,0,5,4,0,0,1,2
496,Gustavo,Chacin,TOR,1,91,115,150,0,2,2,2,0,0,1,3
497,Tomo,Okha,TOR,1,92,121,154,0,2,2,4,0,0,1,4
498,Josh,Towers,TOR,1,91,119,140,0,2,2,2,0,0,1,5
499,Casey,Janssen,TOR,1,92,128,149,0,5,1,1,0,0,1,6
500,Shaun,Marcum,TOR,0,91,119,132,0,3,2,2,0,0,2,1
501,Victor,Zambrano,TOR,1,92,103,141,0,3,0,2,0,0,2,2
502,Jeremy,Accardo,TOR,0,97,158,83,0,2,0,1,0,0,2,3
503,Scott,Downs,TOR,0,91,136,88,0,4,3,2,0,0,2,4
504,Jason,Frasor,TOR,0,95,142,82,0,1,2,2,0,0,2,5
505,B.J.,Ryan,TOR,0,94,162,84,1,4,0,0,0,0,2,6
506,Dustin,McGowan,TOR,0,97,98,95,0,2,2,2,0,0,3,1
507,Brandon,League,TOR,0,98,159,87,0,2,0,2,0,0,3,2
508,Curt,Schilling,BOS,1,96,162,185,0,1,3,3,0,0,1,1
509,Josh,Beckett,BOS,1,97,130,178,0,0,4,5,0,0,1,2
510,Daisuke,Matsuzaka,BOS,1,96,180,176,0,5,2,4,0,0,1,3
511,Tim,Wakefield,BOS,1,77,124,172,0,0,1,6,0,0,1,4
512,Julian,Taveras,BOS,1,94,144,96,0,2,0,1,0,4,1,5
513,Great,Anderson,BOS,0,92,126,83,0,2,0,2,0,0,1,6
514,Javier,Lopez,BOS,0,88,115,75,0,0,2,1,0,0,2,1
515,Joel,Pineiro,BOS,0,93,148,141,1,2,2,2,0,0,2,2
516,J.C.,Romero,BOS,0,94,144,77,0,2,0,2,0,0,2,3
517,Kyle,Snyder,BOS,0,91,120,129,0,2,2,1,0,0,2,4
518,Hideki,Okajima,BOS,0,90,117,43,0,0,5,2,0,0,2,5
519,Jonathon,Pablabon,BOS,0,98,177,85,0,2,0,1,0,0,2,6
520,Manny,Declarmen,BOS,0,96,174,83,0,0,1,2,0,0,3,1
521,Matt,Clement,BOS,1,93,107,150,1,5,0,2,0,0,3,2
522,Kason,Gabbard,BOS,0,89,106,131,0,0,2,3,0,0,3,3
523,Devern,Hansack,BOS,1,92,103,143,0,3,0,2,0,0,3,4
524,Mike,Timlin,BOS,0,93,163,81,2,2,2,2,0,0,3,5
525,Jon,Lester,BOS,1,93,111,152,0,3,4,2,0,0,3,6
526,Erik,Bedard,BAL,1,97,147,173,0,2,3,2,0,0,1,1
527,Daniel,Cabrera,BAL,1,98,103,168,0,0,3,0,0,0,1,2
528,Adam,Loewen,BAL,1,93,119,152,0,1,2,2,0,0,1,3
529,Steve,Trachsel,BAL,1,90,131,166,2,2,2,2,0,0,1,4
530,Jeremy,Guthrie,BAL,0,98,86,103,0,3,2,1,0,0,1,5
531,John,Parrish,BAL,0,91,80,59,0,3,0,1,0,0,1,6
532,Brian,Burres,BAL,0,90,123,77,0,1,2,2,0,0,2,1
533,Scott,Williamson,BAL,0,93,100,81,0,3,0,2,0,0,2,2
534,Danys,Baez,BAL,0,96,152,83,1,0,2,2,0,0,2,3
535,Great,Thompson,BAL,0,88,173,79,1,3,2,2,0,0,2,4
536,Chad,Bradford,BAL,0,83,190,80,0,1,0,1,4,0,2,5
537,Chris,Ray,BAL,0,98,141,84,0,2,0,2,0,0,2,6
538,Kris,Benson,BAL,1,92,136,179,0,3,0,2,0,0,3,1
539,Sendy,Rleal,BAL,0,94,139,84,0,1,0,1,0,0,3,2
540,Kurt,Birkins,BAL,0,91,111,80,0,0,2,2,0,0,3,3
541,Jim,Johnson,BAL,1,92,98,119,0,0,2,2,0,0,3,4
542,Jaret,Wright,BAL,1,95,137,148,1,1,2,1,0,0,3,5
543,Scott,Kazmir,TB,1,94,131,172,0,3,0,2,0,0,1,1
544,Jae,Seo,TB,0,92,142,144,1,0,3,3,0,0,1,2
545,James,Shields,TB,1,93,123,167,0,2,2,2,0,0,1,3
546,Casey,Fossum,TB,1,90,120,156,0,2,2,2,0,0,1,4
547,Edwin,Jackson,TB,0,98,113,93,0,3,0,2,0,0,1,5
548,Ruddy,Lugo,TB,0,95,147,88,0,3,2,1,0,0,1,6
549,Jae-Kuk,Ryu,TB,0,91,101,91,0,0,1,2,0,0,2,1
550,Shawn,Camp,TB,0,92,152,82,0,2,0,1,0,0,2,2
551,Juan,Salas,TB,0,95,103,87,0,2,0,0,0,0,2,3
552,Brian,Stokes,TB,1,95,107,142,0,0,3,2,0,0,2,4
553,Gary,Glover,TB,0,88,98,37,0,1,0,2,0,0,2,5
554,Al,Reyes,TB,0,94,163,53,0,3,0,3,0,0,2,6
555,Jon,Switzer,TB,0,92,122,79,0,3,0,2,0,0,3,1
556,Chad,Orvella,TB,0,95,100,84,0,2,0,2,0,0,3,2
557,Tim,Corcoran,TB,1,94,121,142,0,3,2,2,0,0,3,3
558,J.P,Howell,TB,1,87,110,146,0,0,2,2,0,0,3,4
559,Johan,Santana,MIN,1,96,161,191,0,0,5,5,0,0,1,1
560,Boof,Bonser,MIN,1,94,127,156,0,3,2,3,0,0,1,2
561,Ramon,Ortiz,MIN,1,93,139,170,0,2,0,1,0,0,1,3
562,Carlos,Silva,MIN,1,95,161,156,1,3,2,2,0,0,1,4
563,Sidney,Ponson,MIN,1,93,122,143,0,2,2,2,0,0,1,5
564,Matt,Guerrier,MIN,0,93,148,97,0,2,3,2,0,0,1,6
565,Pat,Neshek,MIN,0,95,159,85,0,4,0,2,0,1,2,1
566,Jesse,Crain,MIN,0,97,175,84,0,2,2,0,0,0,2,2
567,Great,Cameron,MIN,0,94,153,78,0,2,2,1,0,0,2,3
568,Juan,Rincon,MIN,0,96,165,82,0,4,0,0,0,0,2,4
569,Joe,Nathan,MIN,0,98,169,83,0,5,4,0,0,0,2,5
570,Scott,Baker,MIN,1,93,127,150,0,1,3,4,0,0,2,6
571,Francisco,Liriano,MIN,0,98,138,142,0,5,0,3,0,0,3,1
572,Julio,DePaula,MIN,0,88,98,37,0,1,0,2,0,0,3,2
573,Glen,Perkins,MIN,0,92,111,90,0,0,2,0,0,0,3,3
574,Jeremy,Bonderman,DET,1,95,157,179,0,0,3,2,0,0,1,1
575,Nate,Robertson,DET,1,93,142,185,0,3,0,2,0,0,1,2
576,Mike,Maroth,DET,0,88,118,140,1,2,2,2,0,0,1,3
577,Justin,Verlander,DET,1,99,141,179,0,0,2,2,0,0,1,4
578,Chad,Durbin,DET,0,91,106,100,0,1,1,2,0,0,1,5
579,Wilfredo,Ledezma,DET,0,95,132,110,0,0,1,2,0,0,1,6
580,Bobby,Seay,DET,0,91,108,84,0,0,1,2,0,0,2,1
581,Jason,Grilli,DET,0,95,133,86,0,0,2,2,0,0,2,2
582,Jose,Mesa,DET,0,95,127,81,0,2,2,1,0,0,2,3
583,Fernando,Rodney,DET,0,97,129,85,0,0,0,3,0,0,2,4
584,Joel,Zumaya,DET,0,102,137,88,0,0,2,2,0,0,2,5
585,Todd,Jones,DET,0,94,177,83,0,4,4,4,0,0,2,6
586,Andrew,Miller,DET,0,97,81,87,0,2,0,0,0,0,3,1
587,Zach,Miner,DET,0,94,142,128,0,2,2,3,0,0,3,2
588,Roman,Colon,DET,0,96,111,99,0,0,2,1,0,0,3,3
589,Virgil,Vasquez,DET,0,88,98,37,0,1,0,2,0,0,3,4
590,Kenny,Rogers,DET,1,90,148,174,0,2,2,2,4,0,3,5
591,Edward,Campusano,DET,0,88,98,37,0,1,0,2,0,0,3,6
592,Jose,Contreras,CHW,1,95,136,185,2,3,0,4,0,0,1,1
593,Jon,Garland,CHW,1,93,159,182,0,3,2,3,0,0,1,2
594,Mark,Buehrle,CHW,1,89,153,182,1,4,3,4,0,0,1,3
595,Javier,Vasquez,CHW,1,95,145,178,0,2,3,3,0,0,1,4
596,John,Danks,CHW,0,88,98,37,0,1,0,2,0,0,1,5
597,Nick,Masset,CHW,0,98,111,84,0,1,2,0,0,0,1,6
598,Andrew,Sisco,CHW,0,95,119,80,0,3,3,2,0,0,2,1
599,Mike,MacDougal,CHW,0,98,151,82,0,3,0,0,0,0,2,2
600,David,Aardsma,CHW,0,98,131,85,0,1,0,1,0,0,2,3
601,Matt,Thornton,CHW,0,98,155,79,0,2,0,0,0,0,2,4
602,Bobby,Jenks,CHW,0,99,146,83,0,3,3,0,0,0,2,5
603,Boone,Logan,CHW,0,94,100,79,0,2,0,2,0,0,2,6
604,Dewon,Day,CHW,0,88,98,37,0,1,0,2,0,0,3,1
605,C.C.,Sabathia,CLE,1,97,149,197,0,0,5,3,0,0,1,1
606,Jake,Westbrook,CLE,1,93,156,188,0,2,3,3,0,4,1,2
607,Jeremy,Sowers,CLE,1,92,124,164,0,3,0,2,0,0,1,3
608,Paul,Byrd,CLE,1,90,155,171,1,2,2,2,0,0,1,4
609,Cliff,Lee,CLE,1,92,149,176,0,4,2,2,0,0,1,5
610,Fausto,Carmona,CLE,0,97,137,100,0,1,0,1,0,0,1,6
611,Fernando,Cabrera,CLE,0,95,114,86,0,0,4,4,0,0,2,1
612,Tom,Mastny,CLE,0,92,118,84,0,0,2,0,0,0,2,2
613,Aaron,Fultz,CLE,0,90,145,84,0,0,4,3,0,0,2,3
614,Rafael,Betancourt,CLE,0,95,179,85,0,0,3,2,0,2,2,4
615,Great,Baker,CLE,0,96,136,81,0,2,0,2,0,0,2,5
616,Joe,Borowski,CLE,0,91,147,82,0,2,0,1,0,0,2,6
617,Edward,Mujica,CLE,0,93,125,97,0,2,0,2,0,0,3,1
618,Matt,Miller,CLE,0,87,106,84,0,4,0,2,0,0,3,2
619,Jason,Davis,CLE,0,99,166,90,0,2,3,3,0,1,3,3
620,Rafael,Perez,CLE,0,91,81,79,0,1,0,0,0,0,3,4
621,Gil,Meche,KC,1,96,133,172,0,2,4,2,0,0,1,1
622,Odalis,Perez,KC,0,91,149,136,0,3,3,2,0,0,1,2
623,Jorge,de la Rosa,KC,0,95,105,116,0,1,1,2,0,0,1,3
624,Zack,Greinke,KC,0,96,103,102,1,2,0,2,0,0,1,4
625,Brandon,Duckworth,KC,1,90,108,143,0,1,2,2,0,0,1,5
626,Jimmy,Gobble,KC,0,93,152,89,0,2,2,1,0,0,1,6
627,Ryan,Braun,KC,0,95,98,85,0,1,0,2,0,0,2,1
628,Joakim,Soria,KC,0,88,98,37,0,1,0,2,0,0,2,2
629,Joel,Peralta,KC,0,94,155,85,0,0,2,2,0,0,2,3
630,Todd,Wellemeyer,KC,0,97,108,95,0,0,2,2,0,0,2,4
631,David,Riske,KC,0,92,149,83,0,2,0,2,0,0,2,5
632,Octavio,Dotel,KC,0,95,63,77,0,2,0,0,0,0,2,6
633,Leo,Nunez,KC,0,96,106,99,0,1,0,1,0,0,3,1
634,John,Bale,KC,0,88,98,37,0,1,1,2,0,0,3,2
635,Scott,Elarton,KC,1,90,114,161,0,2,2,2,0,0,3,3
636,Luke,Hudson,KC,0,95,131,136,0,0,2,1,0,0,3,4
637,Brian,Bannister,KC,0,90,104,143,0,3,2,3,0,0,3,5
638,Neal,Musser,KC,0,88,98,37,0,1,0,2,0,0,3,6
639,Joe,Nelson,KC,0,92,137,83,0,2,1,2,0,0,4,1
640,Danny,Heron,OAK,1,95,151,186,0,2,3,3,0,0,1,1
641,Joe,Blanton,OAK,1,92,154,176,0,3,2,2,0,0,1,2
642,Rich,Harden,OAK,1,97,107,146,0,0,0,5,0,0,1,3
643,Chad,Gaudin,OAK,0,95,130,85,0,2,1,0,0,0,1,4
644,Joe,Kennedy,OAK,0,93,153,80,0,2,0,2,0,0,1,5
645,Jay,Marshall,OAK,0,88,98,37,0,1,0,2,0,0,1,6
646,Jay,Witasick,OAK,0,94,99,85,1,3,0,2,0,0,2,1
647,Alan,Embree,OAK,0,95,176,77,0,1,0,0,0,0,2,2
648,Lenny,DiNardo,OAK,0,83,113,119,0,0,2,2,0,0,2,3
649,Kiko,Calero,OAK,0,93,157,79,0,4,0,2,0,0,2,4
650,Justin,Duchscherer,OAK,0,90,173,83,0,3,4,3,0,0,2,5
651,Huston,Street,OAK,0,95,171,83,0,5,0,5,0,0,2,6
652,Santiago,Casilla,OAK,0,85,100,85,0,2,0,2,0,0,3,1
653,Ron,Flores,OAK,0,88,135,86,0,3,0,2,0,0,3,2
654,Esteban,Loaiza,OAK,1,93,144,174,0,2,0,2,0,0,3,3
655,Marcus,McBeth,OAK,0,88,98,37,0,1,0,2,0,0,3,4
656,Bartolo,Colon,LAA,1,94,115,151,1,0,4,3,0,0,1,1
657,Jered,Weaver,LAA,1,94,129,172,0,5,0,3,0,0,1,2
658,John,Lackey,LAA,1,95,140,188,0,3,4,3,0,0,1,3
659,Kelvim,Escobar,LAA,1,95,148,181,0,3,3,4,0,0,1,4
660,Ervin,Santana,LAA,1,96,138,177,0,0,2,2,0,0,1,5
661,Dustin,Moseley,LAA,0,90,105,131,0,0,2,3,0,0,1,6
662,Hector,Carrasco,LAA,0,94,153,97,0,3,2,4,0,0,2,1
663,Darren,Oliver,LAA,0,88,160,97,0,0,2,1,0,0,2,2
664,Justin,Spider,LAA,0,94,141,80,0,3,0,2,0,0,2,3
665,Scot,Shields,LAA,0,95,150,85,0,0,3,3,0,0,2,4
666,Francisco,Rodriguez,LAA,0,97,128,83,0,0,5,2,0,0,2,5
667,Greg,Jones,LAA,0,92,107,86,0,3,0,0,0,0,2,6
668,Joe,Saunders,LAA,1,93,116,151,0,0,2,2,0,0,3,1
669,Chris,Bootcheck,LAA,0,93,93,91,0,0,2,2,0,0,3,2
670,Kevin,Millwood,TEX,1,95,157,182,1,3,3,2,0,0,1,1
671,Vicente,Padilla,TEX,1,96,141,175,0,2,1,2,0,0,1,2
672,Brandon,McCarthy,TEX,0,94,136,93,0,2,2,2,0,0,1,3
673,Robinson,Tejada,TEX,1,96,116,150,0,2,0,3,0,0,1,4
674,Mike,Wood,TEX,0,88,124,115,0,2,0,1,0,0,1,5
675,Scott,Feldman,TEX,0,92,158,85,0,2,0,1,0,0,1,6
676,Great,Miller,TEX,0,94,145,81,0,2,0,4,0,0,2,1
677,C.J.,Wilson,TEX,0,94,139,82,0,2,0,1,0,0,2,2
678,Kameron,Loe,TEX,1,92,123,151,0,2,3,2,0,0,2,3
679,Joaquin,Benoit,TEX,0,96,144,90,0,4,2,3,0,0,2,4
680,Akinori,Otsuka,TEX,0,94,175,81,0,4,0,0,0,0,2,5
681,Eric,Gagne,TEX,0,94,83,82,0,0,5,5,0,0,2,6
682,John,Rheinecker,TEX,0,90,138,126,0,3,2,2,0,0,3,1
683,Frank,Francisco,TEX,0,96,105,81,0,0,2,2,0,0,3,2
684,John,Koronka,TEX,0,93,128,158,0,2,2,3,0,0,3,3
685,Bruce,Chen,TEX,0,92,148,109,0,2,2,2,0,0,3,4
686,A.J.,Murray,TEX,0,88,98,37,0,1,0,2,0,0,3,5
687,Wes,Littleton,TEX,0,95,146,84,0,2,0,2,0,0,3,6
688,Felix,Hernandez,SEA,1,98,139,179,0,3,5,5,0,0,1,1
689,Jarrod,Washburn,SEA,1,92,146,174,0,0,2,2,0,0,1,2
690,Miguel,Batista,SEA,1,96,137,178,0,1,2,2,0,0,1,3
691,Horacio,Ramirez,SEA,1,93,119,152,1,2,0,1,0,0,1,4
692,Jeff,Weaver,SEA,1,93,140,166,0,3,3,2,0,3,1,5
693,Arthur,Rhodes,SEA,0,95,109,79,0,0,4,2,0,0,1,6
694,Sean,White,SEA,0,88,98,37,0,1,0,2,0,0,2,1
695,George,Sherrill,SEA,0,93,143,74,0,0,2,2,0,0,2,2
696,Julio,Mateo,SEA,0,93,150,84,1,2,2,2,0,0,2,3
697,Brandon,Morrow,SEA,0,88,98,37,0,1,0,2,0,0,2,4
698,Chris,Reitsma,SEA,0,94,136,83,0,0,2,3,0,2,2,5
699,J.J.,Putz,SEA,0,98,183,84,0,2,2,1,0,0,2,6
700,Sean,Green,SEA,0,93,125,88,0,0,2,2,0,0,3,1
701,Jon,Huber,SEA,0,93,128,83,0,6,0,0,0,0,3,2
702,Ryan,Feierabend,SEA,0,92,103,141,0,2,2,2,0,0,3,3
703,Great,Cruz,SEA,1,91,105,147,0,2,1,2,0,0,3,4
704,Cesar,Jimenez,SEA,0,91,66,97,0,0,2,2,0,0,3,5
705,Jake,Woods,SEA,0,91,137,116,0,0,1,2,0,0,3,6
