222,Paul,Lo Duca,NYM,2,0,11,145,7,10,9,2,10,1,1
223,Ramon,Castro,NYM,2,0,5,109,6,8,9,2,11,1,2
224,Julio,Franco,NYM,3,0,6,109,7,8,8,2,9,1,3
225,Carlos,Delgado,NYM,3,0,8,201,6,10,7,4,12,1,4
226,Jose,Valentin,NYM,4,0,8,161,9,14,11,3,9,1,5
227,Damion,Easley,NYM,4,6,5,118,9,8,9,2,8,1,6
228,David,Wright,NYM,5,0,11,187,9,10,11,3,11,2,1
229,Jose,Reyes,NYM,6,0,10,157,14,10,11,3,10,2,2
230,Endy,Chavez,NYM,9,7,9,118,12,10,11,2,11,2,3
231,David,Newhan,NYM,9,8,5,104,8,6,10,2,8,2,4
232,Shawn,Green,NYM,9,0,8,149,8,8,12,3,11,2,5
233,Carlos,Beltran,NYM,8,0,8,216,12,14,13,4,12,2,6
234,Moises,Alou,NYM,7,9,9,177,6,8,7,3,10,3,1
235,Lastings,Milledge,NYM,8,7,5,105,12,10,6,2,9,3,2
236,Carlos,Gomez,NYM,8,0,5,93,6,8,6,1,5,3,3
237,Ben,Johnson,NYM,7,8,5,106,9,8,5,2,9,3,4
238,Rod,Barajas,PHI,2,0,7,135,7,10,9,2,9,1,1
239,Carlos,Ruiz,PHI,2,0,5,104,11,7,9,2,7,1,2
240,Ryan,Howard,PHI,3,0,11,241,5,12,8,4,11,1,3
241,Chase,Utley,PHI,4,0,10,183,12,10,8,3,9,1,4
242,Greg,Dobbs,PHI,5,3,5,100,8,9,10,2,9,1,5
243,Great,Wood,PHI,5,0,4,87,9,14,11,2,9,1,6
244,Wes,Helms,PHI,5,3,9,152,12,10,9,2,10,2,1
245,Jimmy,Rollins,PHI,6,0,8,161,12,11,12,3,12,2,2
246,Jayson,Werth,PHI,9,0,6,111,11,9,10,2,8,2,3
247,Michael,Bourn,PHI,9,0,4,10,8,5,4,1,10,2,4
248,Shane,Victorino,PHI,8,9,9,131,12,8,11,2,11,2,5
249,Aaron,Rowand,PHI,8,0,7,140,12,10,11,3,8,2,6
250,Pat,Burrell,PHI,7,0,7,186,6,13,3,4,12,3,1
251,Ryan,Budde,PHI,2,0,7,75,4,6,6,1,7,3,2
252,Chris,Coste,PHI,2,0,8,130,5,6,9,2,10,3,3
253,Brayan,Pena,ATL,2,0,5,99,5,6,9,2,9,1,1
254,Brian,McCann,ATL,2,0,12,205,5,8,9,3,10,1,2
255,Craig,Wilson,ATL,3,0,6,144,7,11,9,3,11,1,3
256,Scott,Thorman,ATL,3,7,5,112,8,6,4,2,10,1,4
257,Pete,Orr,ATL,4,5,5,97,12,8,8,2,9,1,5
258,Kelly,Johnson,ATL,4,0,6,113,10,14,5,2,12,1,6
259,Chipper,Jones,ATL,5,0,11,209,9,12,12,3,10,2,1
260,Edgar,Renteria,ATL,6,0,9,153,10,11,12,2,11,2,2
261,Chris,Woodward,ATL,6,4,7,100,7,8,10,2,9,2,3
262,Jeff,Francoeur,ATL,9,0,7,156,11,13,10,3,9,2,4
263,Ryan,Langerhans,ATL,9,7,6,118,12,8,14,2,11,2,5
264,Andruw,Jones,ATL,8,0,8,199,9,14,14,4,12,2,6
265,Matt,Diaz,ATL,7,0,9,137,12,8,13,2,10,3,1
266,Martin,Prado,ATL,4,5,5,98,11,8,6,2,6,3,2
267,Willy,Aybar,ATL,5,0,7,119,6,6,5,2,9,3,3
268,Miguel,Olivo,FLA,2,0,7,145,8,10,9,3,10,1,1
269,Matt,Treanor,FLA,2,0,5,100,9,12,9,2,11,1,2
270,Mike,Jacobs,FLA,3,0,8,170,5,11,4,3,12,1,3
271,Jason,Wood,FLA,3,0,5,98,8,6,5,2,10,1,4
272,Dan,Uggla,FLA,4,0,9,160,12,8,9,3,9,1,5
273,Aaron,Boone,FLA,5,0,6,123,10,6,9,2,9,1,6
274,Miguel,Cabrera,FLA,5,0,13,196,7,8,11,3,11,2,1
275,Hanley,Ramirez,FLA,6,0,9,154,12,7,10,3,9,2,2
276,Alfredo,Amezaga,FLA,6,8,7,99,12,10,9,2,8,2,3
277,Cody,Ross,FLA,9,7,5,130,11,8,5,3,9,2,4
278,Jeremy,Hermida,FLA,7,9,6,115,9,6,9,2,8,2,5
279,Joe,Borchard,FLA,8,9,5,121,9,12,8,2,9,2,6
280,Josh,Williamson,FLA,7,0,8,172,7,10,6,3,9,3,1
281,Eric,Reed,FLA,8,0,4,23,8,7,6,1,10,3,2
282,Reggie,Abercrombie,FLA,8,0,4,99,11,10,11,2,8,3,3
283,Alejandro,De Aza,FLA,8,0,6,92,6,5,6,1,5,3,4
284,Jesus,Florea,WAS,2,0,5,114,5,6,6,1,7,1,1
285,Robert,Fick,WAS,2,0,5,105,9,6,6,2,10,1,2
286,Brian,Schnieder,WAS,2,0,7,118,9,10,11,2,11,1,3
287,Dmitri,Young,WAS,3,0,5,117,8,9,8,2,1,1,4
288,Ronnie,Belliard,WAS,4,0,8,141,9,8,9,2,9,1,5
289,Ryan,Zimmerman,WAS,5,0,9,165,9,12,11,3,12,1,6
290,Felipe,Lopez,WAS,6,4,8,129,10,8,10,2,7,2,1
291,Josh,Wilson,WAS,6,0,5,65,4,8,6,2,9,2,2
292,Cristian,Guzman,WAS,6,0,4,91,12,5,11,2,12,2,3
293,Ryan,Church,WAS,9,8,6,134,9,5,9,2,9,2,4
294,Austin,Kearns,WAS,8,9,8,165,9,11,11,3,10,2,5
295,Nook,Logan,WAS,8,0,6,97,12,8,8,2,8,2,6
296,Chris,Snelling,WAS,7,9,5,108,12,6,9,2,9,3,1
297,Nick,Johnson,WAS,3,0,9,182,9,12,10,3,9,3,2
298,Kory,Castro,WAS,5,0,5,107,5,5,6,2,5,3,3
299,Alex,Escobar,WAS,8,0,7,115,12,8,10,2,9,3,4
300,Gary,Bennett,STL,2,0,4,105,7,7,9,2,10,1,1
301,Yadier,Molina,STL,2,0,4,111,5,14,9,2,7,1,2
302,Albert,Pujols,STL,3,0,12,245,9,11,12,4,13,1,3
303,Adam,Kennedy,STL,4,0,8,128,11,8,11,2,11,1,4
304,Aaron,Miles,STL,4,6,8,104,12,8,11,2,8,1,5
305,Scott,Rolen,STL,5,0,10,182,9,14,14,3,12,1,6
306,David,Eckstein,STL,6,0,9,116,11,11,12,2,13,2,1
307,Preston,Wilson,STL,9,7,8,150,9,8,8,3,8,2,2
308,Jim,Edmonds,STL,8,0,7,158,9,13,12,3,10,2,3
309,So,Taguchi,STL,7,8,7,108,9,10,11,2,7,2,4
310,Chris,Duncan,STL,7,9,8,172,10,8,5,3,8,2,5
311,Scott,Spiezio,STL,7,5,7,144,8,8,11,3,9,2,6
312,Juan,Encarnacion,STL,9,0,8,153,9,10,11,3,7,3,1
313,Brendan,Ryan,STL,6,0,4,74,7,6,6,1,6,3,2
314,Skip,Schumaker,STL,7,8,4,87,5,5,4,2,9,3,3
315,Humberto,Quintero,HOU,2,0,5,98,6,7,11,2,9,1,1
316,Brad,Ausmus,HOU,2,0,5,100,9,12,14,2,11,1,2
317,Lance,Berkman,HOU,3,0,11,231,5,11,9,4,10,1,3
318,Mike,Lamb,HOU,3,5,9,155,10,10,7,2,9,1,4
319,Mark,Loretta,HOU,4,0,9,130,6,8,11,2,12,1,5
320,Craig,Biggio,HOU,4,0,7,146,10,7,8,3,12,1,6
321,Morgan,Ensberg,HOU,5,0,6,166,7,13,11,4,11,2,1
322,Adam,Everett,HOU,6,0,6,113,11,12,12,2,13,2,2
323,Jason,Lane,HOU,9,0,3,131,9,6,6,3,10,2,3
324,Luke,Scott,HOU,9,7,8,147,12,8,4,2,10,2,4
325,Chris,Burke,HOU,8,4,8,133,10,8,10,2,7,2,5
326,Orlando,Palmeiro,HOU,7,9,5,97,11,7,10,2,9,2,6
327,Carlos,Lee,HOU,7,0,10,197,6,10,6,3,10,3,1
328,Hector,Giminez,HOU,2,0,4,95,4,4,4,1,7,3,2
329,Javier,Valentin,CIN,2,0,6,124,9,8,7,2,7,1,1
330,Chad,Moeller,CIN,2,0,3,97,7,7,11,2,10,1,2
331,David,Ross,CIN,2,0,6,161,8,11,9,3,9,1,3
332,Scott,Hatteberg,CIN,3,0,9,153,6,11,7,3,13,1,4
333,Jeff,Conine,CIN,3,7,8,137,11,10,7,2,11,1,5
334,Brandon,Phillips,CIN,4,0,8,150,7,10,10,3,5,1,6
335,Edwin,Encarnacion,CIN,5,0,8,160,9,12,9,3,9,2,1
336,Great,Kennedy,CIN,6,0,7,133,9,11,13,2,12,2,2
337,Juan,Castro,CIN,6,0,6,110,8,12,12,2,9,2,3
338,Josh,Hamilton,CIN,8,0,5,76,7,9,8,2,4,2,4
339,Ken,Griffey Jr.,CIN,8,9,7,173,5,11,11,4,8,2,5
340,Ryan,Freel,CIN,7,8,8,129,12,14,9,2,9,2,6
341,Adam,Dunn,CIN,7,0,6,185,6,14,6,4,5,3,1
342,Jeff,Keppinger,CIN,4,5,5,103,8,5,6,2,9,3,2
343,Jerry,Gil,CIN,6,0,5,115,7,6,6,2,9,3,3
344,Chris,Denorfia,CIN,9,8,6,103,8,7,4,2,9,3,4
345,Norris,Hopper,CIN,9,0,5,101,11,6,4,2,9,3,5
346,Johnny,Estrada,MIL,2,0,9,153,5,10,9,2,13,1,1
347,Great,Williams,MIL,2,0,6,126,6,10,11,2,14,1,2
348,Prince,Fielder,MIL,3,0,8,177,5,12,9,3,11,1,3
349,Tony,Graffanino,MIL,4,5,8,136,12,10,11,2,8,1,4
350,Richie,Weeks,MIL,4,0,8,128,12,10,7,2,2,1,5
351,Craig,Counsell,MIL,5,0,7,112,11,12,11,2,9,1,6
352,J.J.,Hardy,MIL,6,0,5,109,9,12,11,2,9,2,1
353,Corey,Hart,MIL,9,7,7,131,9,8,8,2,7,2,2
354,Tony,Gwynn,MIL,8,0,5,96,11,7,6,2,9,2,3
355,Bill,Hall,MIL,8,6,8,197,12,12,12,4,8,2,4
356,Gabe,Gross,MIL,8,7,7,134,9,10,7,2,9,2,5
357,Kevin,Mench,MIL,7,9,8,146,7,8,9,3,11,2,6
358,Geoff,Jenkins,MIL,7,9,8,157,6,10,7,3,11,3,1
359,Corey,Koskie,MIL,5,0,6,140,6,8,11,3,11,3,2
360,Laynce,Nix,MIL,8,0,2,85,11,8,11,2,9,3,3
361,Ronny,Paulino,PIT,2,0,10,135,5,12,9,2,10,1,1
362,Ryan,Doumit,PIT,2,3,3,110,7,7,4,2,9,1,2
363,Humberto,Cota,PIT,2,0,3,65,6,8,6,1,11,1,3
364,Adam,LaRoche,PIT,3,0,9,202,6,10,8,4,13,1,4
365,Xavier,Nady,PIT,3,9,8,160,8,8,6,3,11,1,5
366,Freddy,Sanchez,PIT,4,5,13,160,10,7,12,2,10,1,6
367,Jose,Castillo,PIT,4,0,7,133,10,14,8,3,8,2,1
368,Jose,Bautista,PIT,5,8,6,145,9,11,8,3,9,2,2
369,Don,Kelly,PIT,6,0,5,58,7,6,6,1,6,2,3
370,Jack,Wilson,PIT,6,0,8,126,11,12,13,2,10,2,4
371,Nate,McLouth,PIT,8,9,5,117,11,7,7,2,9,2,5
372,Chris,Duffy,PIT,8,0,6,101,12,8,8,2,9,2,6
373,Jason,Bay,PIT,7,0,9,189,12,11,14,3,12,3,1
374,Brad,Eldred,PIT,3,0,5,115,6,9,5,3,6,3,2
375,Rajai,Davis,PIT,8,9,4,82,5,5,6,2,5,3,3
376,Henry,Blanco,CHC,2,0,6,120,6,11,8,2,11,1,1
377,Michael,Barrett,CHC,2,0,9,171,11,8,9,3,12,1,2
378,Derrek,Lee,CHC,3,0,7,160,8,13,13,2,9,1,3
379,Mark,DeRosa,CHC,4,9,10,156,7,8,12,3,9,1,4
380,Ronny,Cedeno,CHC,4,6,6,107,12,14,10,2,8,1,5
381,Ryan,Theriot,CHC,4,0,7,118,11,8,6,2,5,1,6
382,Aramis,Ramirez,CHC,5,0,9,202,7,8,11,4,12,2,1
383,Cesar,Izturis,CHC,6,5,5,100,12,10,9,2,8,2,2
384,Jacque,Jones,CHC,9,0,9,178,7,11,10,3,11,2,3
385,Alfonso,Soriano,CHC,8,7,8,202,12,12,11,4,10,2,4
386,Daryle,Ward,CHC,7,3,6,127,5,13,8,2,8,2,5
387,Cliff,Floyd,CHC,7,0,6,132,7,11,10,3,11,2,6
388,Matt,Murton,CHC,7,0,10,150,11,10,7,2,12,3,1
389,Felix,Pie,CHC,8,0,5,101,6,5,6,2,5,3,2
390,Angel,Pagan,CHC,7,9,5,109,12,10,4,2,9,3,3
391,Rob,Bowen,SD,2,0,5,105,5,6,11,2,10,1,1
392,Josh,Bard,SD,2,0,9,147,5,8,9,2,12,1,2
393,Adrian,Gonzalez,SD,3,0,10,181,6,12,9,3,13,1,3
394,Marcus,Giles,SD,4,0,8,134,10,8,10,2,10,1,4
395,Russell,Branyan,SD,5,9,5,148,8,11,6,3,9,1,5
396,Kevin,Kouzmanoff,SD,5,0,4,103,8,4,4,2,4,1,6
397,Geoff,Blum,SD,6,5,6,116,9,10,12,2,9,2,1
398,Khalil,Greene,SD,6,0,6,147,9,7,11,3,11,2,2
399,Brian,Giles,SD,9,0,8,139,9,11,11,2,11,2,3
400,Mike,Cameron,SD,8,0,8,160,13,12,14,3,9,2,4
401,Terrmel,Sledge,SD,7,9,5,102,11,4,7,2,9,2,5
402,Paul,McAnulty,SD,7,9,4,119,8,5,5,2,8,2,6
403,Jose,Cruz Jr.,SD,7,9,5,113,9,6,9,2,10,3,1
404,Oscar,Robles,SD,4,5,8,67,6,12,6,2,6,3,2
405,Russell,Martin,LAD,2,0,8,144,9,11,10,2,12,1,1
406,Mike,Lieberthal,LAD,2,0,6,130,5,11,11,2,11,1,2
407,Nomar,Garciaparra,LAD,3,0,10,178,7,12,9,3,13,1,3
408,Olmedo,Saenz,LAD,3,5,7,140,5,8,11,2,9,1,4
409,Ramon,Martinez,LAD,4,5,6,108,8,7,9,2,9,1,5
410,Jeff,Kent,LAD,4,0,9,162,7,8,10,3,10,1,6
411,Great,Gordon,LAD,5,0,7,158,10,8,9,3,7,2,1
412,Wilson,Valdez,LAD,6,0,4,83,10,12,10,2,10,2,2
413,Rafael,Furcal,LAD,6,0,10,145,13,12,12,2,9,2,3
414,Juan,Pierre,LAD,8,0,9,112,14,8,13,2,14,2,4
415,Brady,Clark,LAD,8,0,8,116,7,7,8,2,9,2,5
416,Luis,Gonzalez,LAD,7,0,8,151,8,8,10,3,13,2,6
417,Andre,Ethier,LAD,7,9,10,157,12,11,11,2,9,3,1
418,Marlon,Anderson,LAD,7,4,8,143,12,10,8,2,5,3,2
419,Andy,LaRoche,LAD,5,0,5,122,7,6,6,1,6,3,3
420,Matt,Kemp,LAD,7,8,5,117,11,8,4,2,3,3,4
421,Jason,Repko,LAD,7,8,5,107,12,11,5,2,7,3,5
422,Eliezer,Alfonzo,SF,2,0,7,139,7,8,9,3,11,1,1
423,Bengie,Molina,SF,2,0,8,167,4,8,9,3,14,1,2
424,Rich,Aurilia,SF,3,5,10,180,9,12,9,3,9,1,3
425,Lance,Niekro,SF,3,0,5,112,10,12,7,2,10,1,4
426,Ryan,Klesko,SF,3,0,5,140,10,10,8,3,9,1,5
427,Ray,Durham,SF,4,0,9,188,12,8,8,3,10,1,6
428,Kevin,Frandsen,SF,4,0,4,99,8,10,6,2,4,2,1
429,Pedro,Feliz,SF,5,0,6,148,9,8,11,3,9,2,2
430,Omar,Vizquel,SF,6,0,10,127,10,13,14,2,14,2,3
431,Randy,Winn,SF,8,9,8,131,12,10,11,2,11,2,4
432,Dave,Roberts,SF,8,7,9,116,14,6,13,2,11,2,5
433,Great,Gonzalez,SF,7,0,8,193,5,10,11,4,12,2,6
434,Todd,Linden,SF,7,9,5,106,11,8,11,2,10,3,1
435,Mark,Sweeney,SF,3,0,6,118,6,11,7,2,10,3,2
436,Dan,Ortmeier,SF,9,0,4,96,8,6,4,2,9,3,3
437,Fred,Lewis,SF,8,7,5,98,8,8,6,2,5,3,4
438,Chris,Snyder,ARI,2,0,6,119,5,12,9,2,12,1,1
439,Miguel,Montero,ARI,2,0,4,96,4,6,6,2,9,1,2
440,Robby,Hammock,ARI,2,3,4,97,4,4,4,2,10,1,3
441,Connor,Jackson,ARI,3,0,9,160,7,11,4,3,10,1,4
442,Tony,Clark,ARI,3,0,3,186,5,11,11,4,11,1,5
443,Orlando,Hudson,ARI,4,0,9,153,12,12,14,3,11,1,6
444,Alberto,Callaspo,ARI,4,6,5,96,11,7,6,2,4,2,1
445,Chad,Tracy,ARI,5,0,9,161,9,13,9,3,5,2,2
446,Stephen,Drew,ARI,6,0,8,126,12,8,11,2,9,2,3
447,Eric,Byrnes,ARI,9,8,8,169,10,11,13,3,10,2,4
448,Carlos,Quentin,ARI,9,7,5,128,11,8,4,2,9,2,5
449,Chris,Young,ARI,8,0,5,101,11,7,6,2,9,2,6
450,Scott,Hairston,ARI,7,0,5,97,8,6,8,2,9,3,1
451,Brian,Barden,ARI,5,0,5,110,5,5,6,2,5,3,2
452,Jeff,DaVanon,ARI,9,8,7,123,12,6,9,2,6,3,3
453,Yorvit,Torrealba,COL,2,0,5,120,11,11,9,2,9,1,1
454,Chris,Iannetta,COL,2,0,5,105,6,6,6,2,10,1,2
455,Todd,Helton,COL,3,0,10,165,8,1,11,3,14,1,3
456,Kazuo,Matsui,COL,4,0,6,108,12,11,10,2,9,1,4
457,Jamey,Carroll,COL,4,0,10,130,12,13,10,2,10,1,5
458,Garrett,Atkins,COL,5,0,12,198,9,8,9,3,10,1,6
459,Troy,Tulowitzki,COL,6,0,5,98,9,4,8,2,8,2,1
460,Jeff,Baker,COL,9,0,6,116,10,6,5,2,9,2,2
461,Brad,Hawpe,COL,9,0,9,178,10,12,6,3,12,2,3
462,Willy,Taveras,COL,8,0,8,96,14,12,11,2,10,2,4
463,Steve,Finley,COL,8,0,6,120,12,11,11,2,13,2,5
464,John,Mabry,COL,7,3,3,103,6,10,9,2,9,2,6
465,Matt,Holliday,COL,7,0,12,206,12,8,9,3,11,3,1
466,Omar,Quintanilla,COL,6,4,4,72,11,10,8,2,8,3,2
467,Clint,Barmes,COL,6,0,4,111,11,12,10,2,9,3,3
468,Ryan,Spilborghs,COL,9,8,6,113,9,8,4,2,9,3,4
469,Josh,Rabe,F/A,7,0,5,104,4,4,4,2,3,1,1
470,Tony,Batista,F/A,5,0,5,110,8,8,11,2,9,1,2
471,Sal,Fasano,F/A,2,0,4,109,8,8,8,2,11,1,3
472,Kelly,Stinnett,F/A,2,0,3,96,8,8,9,2,9,1,4
473,Ricky,Ledee,F/A,7,9,3,100,8,6,6,2,9,1,5
706,Mark,Lowe,NYM,0,98,109,87,0,1,0,2,0,0,4,1
707,Tom,Glavine,NYM,1,88,150,177,0,2,2,4,0,0,1,1
708,Pedro,Martinez,NYM,1,91,129,164,0,4,4,5,0,0,1,2
709,Orlando,Hernandez,NYM,1,92,134,168,0,2,5,2,0,0,1,3
710,John,Maine,NYM,1,94,116,156,0,2,1,2,0,0,1,4
711,Oliver,Perez,NYM,1,95,111,154,0,2,0,2,0,0,1,5
712,Ambiorix,Burgos,NYM,0,99,100,84,0,2,0,2,0,0,1,6
713,Aaron,Sele,NYM,0,88,144,131,0,1,4,1,0,0,2,1
714,Joe,Smith,NYM,0,88,98,37,0,1,0,2,0,0,2,2
715,Scott,Schoeneweis,NYM,0,93,138,77,0,3,0,0,0,3,2,3
716,Pedro,Feliciano,NYM,0,89,161,81,0,2,0,2,0,0,2,4
717,Aaron,Heilman,NYM,0,95,154,85,0,0,0,4,0,0,2,5
718,Billy,Wagner,NYM,0,98,157,83,0,5,0,0,0,0,2,6
719,Chan Ho,Park,NYM,1,93,128,165,0,2,2,2,0,0,3,1
720,Dauner,Sanchez,NYM,0,96,146,84,0,2,2,3,0,0,3,2
721,Juan,Padilla,NYM,0,89,151,65,0,2,0,3,0,0,3,3
722,Mike,Pelfrey,NYM,1,96,101,143,0,2,0,2,0,0,3,4
723,Dave,Williams,NYM,1,88,116,146,0,2,2,2,0,0,3,5
724,Jason,Vargas,NYM,0,91,102,130,0,3,0,3,0,0,3,6
725,Cole,Hamels,PHI,1,95,127,164,0,0,4,2,0,0,1,1
726,Adam,Eaton,PHI,1,94,116,147,0,3,4,2,0,0,1,2
727,Jamie,Moyer,PHI,1,85,153,183,2,2,2,4,0,0,1,3
728,Jon,Lieber,PHI,1,91,149,180,2,3,0,2,0,0,1,4
729,Freddy,Garcia,PHI,1,93,154,185,2,4,2,3,0,0,1,5
730,Brett,Myers,PHI,1,96,144,182,0,2,3,2,0,0,1,6
731,Clay,Condrey,PHI,0,92,136,89,0,1,0,2,0,0,2,1
732,Joseph,Bisenius,PHI,0,88,98,37,0,1,0,2,0,0,2,2
733,Ryan,Madson,PHI,0,94,135,113,0,3,2,2,0,0,2,3
734,Geoff,Geary,PHI,0,94,171,84,0,2,2,2,0,0,2,4
735,Antonio,Alfonseca,PHI,0,95,124,79,0,2,0,0,0,2,2,5
736,Tom,Gordon,PHI,0,96,145,82,0,2,5,4,0,0,2,6
737,Matt,Smith,PHI,0,92,127,78,0,1,0,0,0,0,3,1
738,Fabio,Castro,PHI,0,94,126,93,0,0,3,2,0,0,3,2
739,Scott,Mathieson,PHI,1,98,108,140,0,2,0,2,0,0,3,3
740,John,Smoltz,ATL,1,96,158,188,0,4,4,4,0,0,1,1
741,Tim,Hudson,ATL,1,93,145,180,1,4,2,2,0,0,1,2
742,Chuck,James,ATL,0,91,126,148,0,2,0,2,0,0,1,3
743,Mark,Redman,ATL,1,87,130,172,2,4,2,2,0,0,1,4
744,Kyle,Davies,ATL,1,93,110,144,0,1,2,2,0,0,1,5
745,Oscar,Villarreal,ATL,0,94,151,93,0,2,0,1,0,2,1,6
746,Macay,McBride,ATL,0,93,138,78,0,3,2,2,0,0,2,1
747,Tyler,Yates,ATL,0,96,131,80,0,1,0,2,0,0,2,2
748,Chad,Paronto,ATL,0,88,98,37,0,2,0,2,0,2,2,3
749,Mike,Gonzalez,ATL,0,95,146,82,0,4,0,0,0,0,2,4
750,Rafael,Soriano,ATL,0,95,150,85,0,2,0,1,0,0,2,5
751,Bob,Wickman,ATL,0,93,179,81,0,2,0,0,0,3,2,6
752,Joey,Devine,ATL,0,96,1,75,0,2,0,0,0,0,3,1
753,Peter,Moylan,ATL,0,95,127,82,0,2,0,0,0,0,3,2
754,Mike,Hampton,ATL,0,92,134,143,0,2,2,3,0,0,3,3
755,Tanyon,Sturtze,ATL,0,95,113,75,0,1,0,2,0,0,3,4
756,Lance,Cormier,ATL,0,93,128,110,0,2,2,2,0,0,3,5
757,Blaine,Boyer,ATL,0,91,102,70,0,0,2,3,0,0,3,6
758,Anthony,Lerew,ATL,0,93,82,100,0,1,0,2,0,0,4,1
759,Dontrelle,Willis,FLA,1,94,140,188,0,4,0,4,0,0,1,1
760,Scott,Olsen,FLA,1,93,130,171,0,3,0,2,0,0,1,2
761,Anibal,Sanchez,FLA,1,93,121,171,0,3,5,3,0,0,1,3
762,Sergio,Mitre,FLA,0,93,109,114,0,0,2,2,0,0,1,4
763,Ricky,Nolasco,FLA,0,95,142,137,0,0,3,2,0,0,1,5
764,Lee,Gardner,FLA,0,88,98,37,0,1,0,2,0,0,1,6
765,Renyel,Pinto,FLA,0,93,78,84,0,1,0,2,0,0,2,1
766,Matt,Lindstrom,FLA,0,88,98,37,0,1,0,2,0,0,2,2
767,Kevin,Gregg,FLA,0,94,142,109,0,2,0,2,0,0,2,3
768,Randy,Messenger,FLA,0,96,149,83,0,1,2,1,0,0,2,4
769,Henry,Owens,FLA,0,95,100,88,0,2,0,0,0,0,2,5
770,Jorge,Julio,FLA,0,98,109,83,0,2,0,2,0,0,2,6
771,Logan,Kensing,FLA,0,94,129,82,0,2,0,0,0,0,3,1
772,Jose,Garcia,FLA,0,92,106,104,0,0,2,2,0,0,3,2
773,Taylor,Tankersley,FLA,0,93,117,79,0,2,0,2,0,0,3,3
774,Carlos,Martinez,FLA,0,96,115,80,0,3,0,0,0,0,3,4
775,Josh,Johnson,FLA,1,94,138,156,0,2,0,2,0,0,3,5
776,Scott,Tyler,FLA,0,88,98,37,0,1,0,2,0,0,3,6
777,John,Patterson,WAS,1,95,113,145,0,4,2,2,0,0,1,1
778,Shawn,Hill,WAS,1,91,108,149,0,0,3,2,0,0,1,2
779,Matt,Chico,WAS,0,88,98,37,0,1,0,2,0,0,1,3
780,Jason,Bergmann,WAS,0,93,124,105,0,3,2,3,0,0,1,4
781,Jerome,Williams,WAS,0,90,100,109,0,2,0,3,0,2,1,5
782,Levale,Speigner,WAS,0,88,98,37,0,1,0,2,0,0,1,6
783,Ray,King,WAS,0,94,134,76,0,1,0,0,0,0,2,1
784,Jesus,Colome,WAS,0,98,1,70,0,0,0,2,0,0,2,2
785,Micah,Bowie,WAS,0,94,124,88,0,1,1,0,0,0,2,3
786,Ryan,Wagner,WAS,0,92,117,85,0,2,0,2,0,0,2,4
787,Jon,Rauch,WAS,0,93,143,83,0,2,1,2,0,0,2,5
788,Chad,Cordero,WAS,0,93,156,84,0,4,0,3,0,0,2,6
789,Michael,O'Connor,WAS,1,89,114,150,0,2,1,2,0,0,3,1
790,Chris,Schroder,WAS,0,93,105,89,0,2,0,2,0,0,3,2
791,Luis,Ayla,WAS,0,95,179,55,0,2,0,2,2,0,3,3
792,Saul,Rivera,WAS,0,92,136,84,0,2,0,2,0,0,3,4
793,Chris,Carpenter,STL,1,95,157,196,0,5,4,3,0,0,1,1
794,Kip,Wells,STL,1,95,105,144,0,2,2,2,0,0,1,2
795,Braden,Looper,STL,0,96,177,83,0,2,0,1,0,0,1,3
796,Adam,Wainwright,STL,0,95,156,86,0,1,1,2,0,0,1,4
797,Anthony,Reyes,STL,1,93,114,150,0,0,3,4,0,0,1,5
798,Brad,Thompson,STL,0,92,154,88,0,3,0,2,0,0,1,6
799,Dennis,Dove,STL,0,88,98,37,0,1,0,2,0,0,2,1
800,Tyler,Johnson,STL,0,92,109,76,0,3,2,1,0,0,2,2
801,Ryan,Franklin,STL,0,93,140,85,0,2,2,2,0,0,2,3
802,Russ,Springer,STL,0,94,147,79,0,2,1,2,0,0,2,4
803,Randy,Flores,STL,0,91,143,76,0,2,2,0,0,0,2,5
804,Jason,Isringhausen,STL,0,95,110,82,0,3,4,2,0,0,2,6
805,Mark,Mulder,STL,1,90,118,154,0,2,3,2,0,0,3,1
806,Josh,Kinney,STL,0,93,129,86,0,2,2,0,0,0,3,2
807,Roy,Oswalt,HOU,1,96,166,189,0,4,3,3,0,0,1,1
808,Jason,Jennings,HOU,1,90,139,188,1,3,0,2,0,0,1,2
809,Woody,Williams,HOU,1,90,137,167,0,2,2,1,0,0,1,3
810,Wandy,Rodriguez,HOU,1,92,129,146,0,0,2,2,0,0,1,4
811,Chris,Sampson,HOU,0,92,124,116,0,2,3,3,0,2,1,5
812,Brian,Moehler,HOU,0,91,142,141,0,1,2,2,0,0,1,6
813,Trever,Miller,HOU,0,90,154,77,0,1,2,1,0,0,2,1
814,Chad,Qualls,HOU,0,96,156,84,0,3,0,0,0,2,2,2
815,Rick,White,HOU,0,95,148,82,0,2,2,1,0,0,2,3
816,Dan,Wheeler,HOU,0,93,166,81,0,4,2,3,0,0,2,4
817,Brad,Lidge,HOU,0,98,111,81,0,5,0,0,0,0,2,5
818,Dave,Borkowski,HOU,0,93,160,96,0,1,2,2,0,0,2,6
819,Matt,Albers,HOU,0,93,105,133,0,2,3,1,0,0,3,1
820,Brandon,Backe,HOU,1,93,108,146,1,3,2,3,0,0,3,2
821,Mark,McLemore,HOU,0,88,97,98,0,1,0,2,0,0,3,3
822,Aaron,Harang,CIN,1,95,158,189,0,3,5,2,0,0,1,1
823,Bronson,Arroyo,CIN,1,92,154,193,0,1,5,2,0,0,1,2
824,Kyle,Loshe,CIN,0,95,147,132,0,2,0,2,0,0,1,3
825,Matt,Belisle,CIN,0,95,120,88,0,2,2,0,0,0,1,4
826,Eric,Milton,CIN,1,92,137,170,0,1,2,1,0,0,1,5
827,Kirk,Saarloos,CIN,0,88,139,127,0,2,2,2,0,0,1,6
828,Mike,Stanton,CIN,0,91,148,79,0,2,2,2,0,0,2,1
829,Jon,Coutlangus,CIN,0,88,98,37,0,1,0,2,0,0,2,2
830,Victor,Santos,CIN,1,92,131,146,0,0,2,2,0,0,2,3
831,Todd,Coffey,CIN,0,95,154,81,0,1,0,1,0,0,2,4
832,Jared,Burton,CIN,0,88,98,37,0,1,0,2,0,0,2,5
833,David,Weathers,CIN,0,91,143,84,0,2,0,0,0,2,2,6
834,Gary,Majewski,CIN,0,95,140,84,0,0,3,2,0,0,3,1
835,Rheal,Cormier,CIN,0,88,147,78,0,1,0,1,0,0,3,2
836,Bill,Bray,CIN,0,93,165,83,0,2,0,0,0,0,3,3
837,Elizardo,Ramirez,CIN,1,93,132,150,0,0,2,1,0,0,3,4
838,Eddie,Guardado,CIN,0,90,147,80,0,2,0,4,0,0,3,5
839,Bobby,Livingston,CIN,0,88,61,94,0,2,1,1,0,0,3,6
840,Ben,Sheets,MIL,1,96,135,165,0,2,5,3,0,0,1,1
841,Chris,Capuano,MIL,1,90,154,186,0,2,0,2,0,0,1,2
842,Jeff,Suppan,MIL,1,91,140,173,0,1,3,4,0,0,1,3
843,Dave,Bush,MIL,1,92,152,180,0,1,2,2,0,0,1,4
844,Claudio,Vargas,MIL,1,94,137,163,0,2,0,2,0,0,1,5
845,Elmer,Dessens,MIL,0,95,163,87,1,2,2,2,0,0,1,6
846,Carlos,Villenueva,MIL,0,90,115,148,0,2,2,3,0,0,2,1
847,Greg,Aquino,MIL,0,96,128,85,0,2,0,1,0,0,2,2
848,Brian,Shouse,MIL,0,90,136,75,0,2,0,2,0,2,2,3
849,Derrick,Turnbow,MIL,0,98,102,80,0,4,0,3,0,0,2,4
850,Matt,Wise,MIL,0,91,159,84,0,0,0,5,0,0,2,5
851,Francisco,Cordero,MIL,0,99,142,82,0,3,0,2,0,0,2,6
852,Jose,Capellan,MIL,0,97,137,85,0,2,0,2,0,0,3,1
853,Zach,Duke,PIT,1,90,151,182,0,2,4,4,0,0,1,1
854,Ian,Snell,PIT,1,96,136,170,0,2,2,2,0,0,1,2
855,Paul,Maholm,PIT,1,93,132,171,0,3,4,3,0,0,1,3
856,Tom,Gorzelanny,PIT,1,95,109,151,0,3,2,2,0,0,1,4
857,Tony,Armas,PIT,1,92,130,157,0,2,1,1,0,0,1,5
858,Shawn,Chacon,PIT,1,92,112,141,0,2,2,3,0,0,1,6
859,John,Wasdin,PIT,0,92,107,125,1,0,2,2,0,0,2,1
860,Juan,Perez,PIT,0,92,91,72,0,2,0,1,0,0,2,2
861,Jonah,Bayliss,PIT,0,93,98,88,0,2,0,2,0,0,2,3
862,Damaso,Marte,PIT,0,95,129,78,0,2,0,0,0,0,2,4
863,Matt,Capps,PIT,0,95,165,81,0,1,0,1,0,0,2,5
864,Salomon,Torres,PIT,0,95,150,82,0,2,2,2,0,0,2,6
865,Brian,Rogers,PIT,0,92,106,80,0,2,0,0,0,0,3,1
866,Marty,McLeary,PIT,0,93,106,129,0,1,0,0,0,0,3,2
867,John,Grabow,PIT,0,93,153,82,0,2,0,2,0,0,3,3
868,Josh,Sharpless,PIT,0,92,82,79,0,2,0,3,0,0,3,4
869,Masumi,Kuwata,PIT,0,88,125,92,0,0,4,1,0,2,3,5
870,Carlos,Zambrano,CHC,1,96,125,183,0,4,4,4,0,4,1,1
871,Ted,Lilly,CHC,1,93,132,168,0,2,4,2,0,0,1,2
872,Jason,Marquis,CHC,1,93,135,72,0,2,2,2,0,1,1,3
873,Rich,Hill,CHC,1,93,118,162,0,1,4,2,0,0,1,4
874,Wade,Miller,CHC,1,91,99,141,1,2,3,2,0,0,1,5
875,Angel,Guzman,CHC,0,96,95,132,0,0,1,1,0,0,1,6
876,Michael,Wurtz,CHC,0,92,151,82,0,5,0,2,0,0,2,1
877,Neal,Cotts,CHC,0,95,130,78,0,1,1,3,0,0,2,2
878,Will,Ohman,CHC,0,94,126,79,0,3,0,0,0,0,2,3
879,Scott,Eyre,CHC,0,93,122,79,0,4,3,3,0,0,2,4
880,Bob,Howry,CHC,0,95,170,80,0,3,0,2,0,0,2,5
881,Ryan,Dempster,CHC,0,95,138,82,0,4,0,3,0,0,2,6
882,Carlos,Marmol,CHC,0,96,101,138,0,0,2,2,0,0,3,1
883,Sean,Marshall,CHC,1,91,119,156,0,2,2,1,0,0,3,2
884,Kerry,Wood,CHC,1,95,102,142,0,3,4,2,0,0,3,3
885,Rocky,Cherry,CHC,0,88,98,37,0,1,0,2,0,0,3,4
886,Juan,Mateo,CHC,1,93,110,140,0,2,0,1,0,0,3,5
887,Jake,Peavy,SD,1,95,147,182,0,5,3,4,0,0,1,1
888,Chris,Young,SD,1,91,131,170,1,3,2,3,0,0,1,2
889,Clay,Hensley,SD,1,91,151,157,0,4,3,3,0,0,1,3
890,Greg,Maddux,SD,1,87,171,177,1,4,4,5,0,0,1,4
891,David,Wells,SD,1,89,126,154,0,2,4,2,0,0,1,5
892,Mike,Thompson,SD,1,90,125,147,0,2,3,2,0,0,1,6
893,Kevin,Cameron,SD,0,88,98,37,0,1,0,2,0,0,2,1
894,Doug,Brocail,SD,0,96,144,85,0,2,2,1,0,0,2,2
895,Great,Hudson,SD,0,97,133,95,0,2,0,3,0,0,2,3
896,Cla,Meredith,SD,0,90,187,84,0,4,0,4,0,3,2,4
897,Scott,Linebrink,SD,0,95,162,83,0,2,0,3,0,0,2,5
898,Trevor,Hoffman,SD,0,88,170,82,0,2,0,5,0,0,2,6
899,Scott,Cassidy,SD,0,91,143,82,0,1,0,1,0,0,3,1
900,Royce,Ring,SD,0,90,118,85,0,0,2,1,0,0,3,2
901,Justin,Hampson,SD,0,92,103,108,0,2,3,2,0,0,3,3
902,Derek,Lowe,LAD,1,92,164,179,0,2,2,2,5,0,1,1
903,Randy,Wolf,LAD,1,92,106,144,0,1,4,1,0,0,1,2
904,Jason,Schmidt,LAD,1,95,137,189,0,2,3,3,0,0,1,3
905,Brad,Penny,LAD,1,97,150,166,0,0,2,3,0,0,1,4
906,Brett,Tomko,LAD,0,96,164,111,0,3,2,2,0,0,1,5
907,Mark,Hendrickson,LAD,1,90,140,162,0,1,2,2,0,0,1,6
908,Joe,Beimel,LAD,0,91,152,84,0,2,0,1,0,0,2,1
909,Rudy,Seanez,LAD,0,93,111,84,0,5,0,4,0,0,2,2
910,Chad,Billingsley,LAD,1,95,110,149,0,2,4,4,0,0,2,3
911,Jonathan,Broxton,LAD,0,98,134,84,0,2,0,2,0,0,2,4
912,Takashi,Saito,LAD,0,94,165,84,0,5,4,5,0,0,2,5
913,Chin-hui,Tsao,LAD,0,98,120,56,0,2,0,1,0,0,2,6
914,Yhency,Brazoban,LAD,0,95,103,82,0,1,0,0,0,0,3,1
915,Hong-Chih,Kuo,LAD,0,96,128,103,0,1,1,2,0,0,3,2
916,Barry,Zito,SF,1,89,134,183,0,3,5,3,0,0,1,1
917,Matt,Cain,SF,1,97,132,174,0,4,4,3,0,0,1,2
918,Matt,Morris,SF,1,92,150,181,0,3,2,2,0,2,1,3
919,Noah,Lowry,SF,1,90,137,173,0,3,2,3,0,0,1,4
920,Russ,Ortiz,SF,0,92,108,108,0,2,1,1,0,0,1,5
921,Brad,Hennessey,SF,0,94,130,117,0,2,2,1,0,0,1,6
922,Jonathan,Sanchez,SF,0,94,119,91,0,2,0,1,0,0,2,1
923,Jack,Taschner,SF,0,95,114,79,0,2,1,2,0,0,2,2
924,Vinnie,Chulk,SF,0,96,129,81,0,0,2,1,0,0,2,3
925,Kevin,Correia,SF,0,95,167,90,0,2,0,2,0,0,2,4
926,Steve,Kline,SF,0,91,149,77,0,2,0,1,0,2,2,5
927,Armando,Benitez,SF,0,97,136,81,0,2,0,1,0,0,2,6
928,Scott,Munter,SF,0,93,115,79,0,0,0,1,0,0,3,1
929,Brandon,Webb,ARI,1,91,161,200,2,0,4,4,6,0,1,1
930,Livan,Hernandez,ARI,1,88,150,180,0,3,3,2,0,2,1,2
931,Doug,Davis,ARI,1,88,139,175,0,2,3,2,0,0,1,3
932,Edgar G.,Gonzalez,ARI,0,94,114,135,0,2,1,1,0,0,1,4
933,Randy,Johnson,ARI,1,96,147,180,1,4,0,3,0,0,1,5
934,J.D.,Durbin,ARI,0,88,98,37,0,1,0,2,0,0,1,6
935,Brandon,Medders,ARI,0,92,157,86,0,2,3,3,0,0,2,1
936,Doug,Slaten,ARI,0,90,115,75,0,0,1,2,0,0,2,2
937,Tony,Pena,ARI,0,96,137,86,0,1,0,1,0,0,2,3
938,Juan,Cruz,ARI,0,97,126,120,0,2,1,1,0,0,2,4
939,Brandon,Lyon,ARI,0,95,166,82,0,1,1,1,0,0,2,5
940,Jose,Valverde,ARI,0,96,143,84,0,2,0,3,0,0,2,6
941,Yusmeiro,Petit,ARI,0,91,121,96,0,2,2,2,0,0,3,1
942,Dana,Eveland,ARI,0,92,103,120,0,2,0,2,0,0,3,2
943,Dustin,Nippert,ARI,1,96,99,142,0,0,2,3,0,0,3,3
944,Mike,Schultz,ARI,0,88,98,37,0,1,0,2,0,0,3,4
945,Aaron,Cook,COL,1,94,157,186,0,0,4,2,0,0,1,1
946,Jeff,Francis,COL,1,90,146,179,0,0,2,2,0,0,1,2
947,Rodrigo,Lopez,COL,1,92,150,160,0,1,2,2,0,0,1,3
948,Jason,Hirsch,COL,1,94,102,145,0,2,1,2,0,0,1,4
949,Josh,Fogg,COL,1,90,143,167,0,2,2,2,0,0,1,5
950,Taylor,Buchholz,COL,1,95,126,154,0,2,2,3,0,0,1,6
951,Byung-Hyun,Kim,COL,1,91,132,168,0,2,0,2,0,0,2,1
952,Manny,Corpas,COL,0,95,148,81,0,1,0,0,0,0,2,2
953,Ramon,Ramirez,COL,0,94,154,84,0,2,0,2,0,0,2,3
954,Jeremy,Affeldt,COL,0,97,137,97,0,3,2,2,0,0,2,4
955,LaTroy,Hawkins,COL,0,97,175,82,0,2,2,2,0,0,2,5
956,Brian,Fuentes,COL,0,93,124,82,0,3,0,2,0,0,2,6
957,Ryan,Speier,COL,0,89,135,56,0,2,0,2,0,0,3,1
958,Denny,Bautista,COL,0,99,104,127,0,2,3,3,0,0,3,2
959,Brian,Lawrence,COL,0,87,162,162,0,3,0,2,0,0,3,3
960,Darren,Clarke,COL,0,88,98,37,0,1,0,2,0,0,3,4
961,Rick,Vanden Hurk,F/A,0,88,98,37,0,1,0,2,0,0,1,1
962,Francisco,Rosario,F/A,0,97,97,89,0,4,0,2,0,0,1,2
963,Brad,Salmon,F/A,0,88,98,37,0,1,0,2,0,0,1,3
964,Micah,Owings,F/A,0,88,98,37,0,1,0,2,0,0,1,4
965,Eulogio,De La Cruz,F/A,0,88,98,37,0,1,0,2,0,0,1,5
966,Ryan,Rowland-Smith,F/A,0,88,98,37,0,1,0,2,0,0,1,6
967,Ron,Villone,F/A,0,92,119,85,0,0,2,2,0,0,2,1
968,Jamey,Wright,F/A,0,93,136,148,0,2,2,1,0,0,2,2
969,Guillermo,Mota,F/A,0,97,140,83,0,2,0,2,0,0,2,3
970,Jorge,Sota,F/A,0,96,148,112,0,3,0,2,0,0,2,4